code_prix,panier,rang_source,libelle_source,nom_commercial_presume,dosage_presume,forme_normalisee,conditionnement_source,conditionnement_qte,conditionnement_unite,prix_homologue,devise,dci_code,medicament_id,source_code,reference_reglementaire,date_effet,date_fin,date_extraction,statut_validation,niveau_confiance,libelle_incomplet
PRIX-CMU-HTA-001,HTA,1,"AMEP 5 MG COMPRIME, BOÎTE DE 28",AMEP,5 MG,comprime,BOITE DE 28,28,unite,4655.70,XOF,,,CNAM_CMU,Décision n°0016/AIRP/DG du 29 septembre 2025,2025-09-29,,2026-08-22,source_externe_non_validee,3,false
PRIX-CMU-HTA-002,HTA,2,AMLODIPINE VIR 5 MG COMPRIME BOÎTE DE 30,AMLODIPINE VIR,5 MG,comprime,BOITE DE 30,30,unite,3441.90,XOF,,,CNAM_CMU,Décision n°0016/AIRP/DG du 29 septembre 2025,2025-09-29,,2026-08-22,source_externe_non_validee,3,false
PRIX-CMU-HTA-003,HTA,3,LOPINE 5 MG COMPRIME BOÎTE DE 30,LOPINE,5 MG,comprime,BOITE DE 30,30,unite,3780.00,XOF,,,CNAM_CMU,Décision n°0016/AIRP/DG du 29 septembre 2025,2025-09-29,,2026-08-22,source_externe_non_validee,3,false
PRIX-CMU-HTA-004,HTA,4,"AMLO-DENK 5 MG COMPRIME, BOÎTE DE 50",AMLO-DENK,5 MG,comprime,BOITE DE 50,50,unite,4821.28,XOF,,,CNAM_CMU,Décision n°0016/AIRP/DG du 29 septembre 2025,2025-09-29,,2026-08-22,source_externe_non_validee,3,false
PRIX-CMU-HTA-005,HTA,5,"AMLODIPINE VIR 10 MG COMPRIME, BOÎTE DE 30",AMLODIPINE VIR,10 MG,comprime,BOITE DE 30,30,unite,4130.70,XOF,,,CNAM_CMU,Décision n°0016/AIRP/DG du 29 septembre 2025,2025-09-29,,2026-08-22,source_externe_non_validee,3,false
PRIX-CMU-HTA-006,HTA,6,"AMLODIS 10 MG COMPRIME, BOÎTE DE 30",AMLODIS,10 MG,comprime,BOITE DE 30,30,unite,4410.00,XOF,,,CNAM_CMU,Décision n°0016/AIRP/DG du 29 septembre 2025,2025-09-29,,2026-08-22,source_externe_non_validee,3,false
PRIX-CMU-HTA-007,HTA,7,"AMLOTROY 10 MG COMPRIME, BOÎTE DE 30",AMLOTROY,10 MG,comprime,BOITE DE 30,30,unite,3360.00,XOF,,,CNAM_CMU,Décision n°0016/AIRP/DG du 29 septembre 2025,2025-09-29,,2026-08-22,source_externe_non_validee,3,false
PRIX-CMU-HTA-008,HTA,8,LOPINE 10 MG COMPRIME BOÎTE DE 30,LOPINE,10 MG,comprime,BOITE DE 30,30,unite,4200.00,XOF,,,CNAM_CMU,Décision n°0016/AIRP/DG du 29 septembre 2025,2025-09-29,,2026-08-22,source_externe_non_validee,3,false
PRIX-CMU-HTA-009,HTA,9,"AMLO-DENK 10 MG COMPRIME, BOÎTE DE 50",AMLO-DENK,10 MG,comprime,BOITE DE 50,50,unite,8127.31,XOF,,,CNAM_CMU,Décision n°0016/AIRP/DG du 29 septembre 2025,2025-09-29,,2026-08-22,source_externe_non_validee,3,false
PRIX-CMU-HTA-010,HTA,10,"TENSICARD AM 50MG/5 MG COMPRIME, BOÎTE DE 30",TENSICARD AM,50MG/5 MG,comprime,BOITE DE 30,30,unite,7350.00,XOF,,,CNAM_CMU,Décision n°0016/AIRP/DG du 29 septembre 2025,2025-09-29,,2026-08-22,source_externe_non_validee,3,false
PRIX-CMU-HTA-011,HTA,11,"AMLONEX-AT 5 MG/50 MG COMPRIME, BOÎTE DE 100",AMLONEX-AT,5 MG/50 MG,comprime,BOITE DE 100,100,unite,6930.00,XOF,,,CNAM_CMU,Décision n°0016/AIRP/DG du 29 septembre 2025,2025-09-29,,2026-08-22,source_externe_non_validee,3,false
PRIX-CMU-HTA-012,HTA,12,"SARTEX HCT 5 MG/160 MG/12,5 MG COMPRIME PELLICULE, BOÎTE DE 30",SARTEX HCT,"5 MG/160 MG/12,5 MG",comprime_pellicule,BOITE DE 30,30,unite,11976.05,XOF,,,CNAM_CMU,Décision n°0016/AIRP/DG du 29 septembre 2025,2025-09-29,,2026-08-22,source_externe_non_validee,3,false
PRIX-CMU-HTA-013,HTA,13,"SARTEX HCT 5 MG/160 MG/25 MG COMPRIME PELLICULE, BOÎTE DE 30",SARTEX HCT,5 MG/160 MG/25 MG,comprime_pellicule,BOITE DE 30,30,unite,12197.85,XOF,,,CNAM_CMU,Décision n°0016/AIRP/DG du 29 septembre 2025,2025-09-29,,2026-08-22,source_externe_non_validee,3,false
PRIX-CMU-HTA-014,HTA,14,"SARTEX HCT 10 MG/160 MG/12,5 MG COMPRIME PELIICULE, BOÎTE DE 30",SARTEX HCT,"10 MG/160 MG/12,5 MG",comprime,BOITE DE 30,30,unite,13775.10,XOF,,,CNAM_CMU,Décision n°0016/AIRP/DG du 29 septembre 2025,2025-09-29,,2026-08-22,source_externe_non_validee,3,false
PRIX-CMU-HTA-015,HTA,15,"CARDIOVALAM H 10 MG/25 MG/160 MG COMPRIME, BOÎTE DE 30",CARDIOVALAM H,10 MG/25 MG/160 MG,comprime,BOITE DE 30,30,unite,13776.00,XOF,,,CNAM_CMU,Décision n°0016/AIRP/DG du 29 septembre 2025,2025-09-29,,2026-08-22,source_externe_non_validee,3,false
PRIX-CMU-HTA-016,HTA,16,"SARTEX HCT 10 MG/160 MG/25 MG COMPRIME PELLICULE, BOÎTE DE 30",SARTEX HCT,10 MG/160 MG/25 MG,comprime_pellicule,BOITE DE 30,30,unite,13981.72,XOF,,,CNAM_CMU,Décision n°0016/AIRP/DG du 29 septembre 2025,2025-09-29,,2026-08-22,source_externe_non_validee,3,false
PRIX-CMU-HTA-017,HTA,17,"NATRIXAM 1,5 MG/10 MG COMPRIME PELLICULE A LIBERATION MODIFIEE, BOÎTE DE 30",NATRIXAM,"1,5 MG/10 MG",comprime_pellicule_lm,BOITE DE 30,30,unite,7342.13,XOF,,,CNAM_CMU,Décision n°0016/AIRP/DG du 29 septembre 2025,2025-09-29,,2026-08-22,source_externe_non_validee,3,false
PRIX-CMU-HTA-018,HTA,18,"AMLOPAMIDE 5 MG/1,5 MG COMPRIME, BOÎTE DE 30",AMLOPAMIDE,"5 MG/1,5 MG",comprime,BOITE DE 30,30,unite,5510.02,XOF,,,CNAM_CMU,Décision n°0016/AIRP/DG du 29 septembre 2025,2025-09-29,,2026-08-22,source_externe_non_validee,3,false
PRIX-CMU-HTA-019,HTA,19,"NATRIXAM 1,5 MG/5 MG COMPRIME PELLICULE A LIBERATION MODIFIEE, BOÎTE DE 30",NATRIXAM,"1,5 MG/5 MG",comprime_pellicule_lm,BOITE DE 30,30,unite,6501.85,XOF,,,CNAM_CMU,Décision n°0016/AIRP/DG du 29 septembre 2025,2025-09-29,,2026-08-22,source_externe_non_validee,3,false
PRIX-CMU-HTA-020,HTA,20,"SERINXAM 5 MG/1,25 MG/5 MG COMPRIME, BOÎTE DE 30",SERINXAM,"5 MG/1,25 MG/5 MG",comprime,BOITE DE 30,30,unite,9642.57,XOF,,,CNAM_CMU,Décision n°0016/AIRP/DG du 29 septembre 2025,2025-09-29,,2026-08-22,source_externe_non_validee,3,false
PRIX-CMU-HTA-021,HTA,21,"RAASAR-AM 5 MG/50 MG COMPRIME, BOÎTE DE 30",RAASAR-AM,5 MG/50 MG,comprime,BOITE DE 30,30,unite,4725.00,XOF,,,CNAM_CMU,Décision n°0016/AIRP/DG du 29 septembre 2025,2025-09-29,,2026-08-22,source_externe_non_validee,3,false
PRIX-CMU-HTA-022,HTA,22,"ZYLTAN AM 50 MG/5MG COMPRIME PELLICULE, BOÎTE DE 30",ZYLTAN AM,50 MG/5MG,comprime_pellicule,BOITE DE 30,30,unite,6300.00,XOF,,,CNAM_CMU,Décision n°0016/AIRP/DG du 29 septembre 2025,2025-09-29,,2026-08-22,source_externe_non_validee,3,false
PRIX-CMU-HTA-023,HTA,23,"SERPERAM 5 MG/5 MG COMPRIME, BOÎTE DE 30",SERPERAM,5 MG/5 MG,comprime,BOITE DE 30,30,unite,7493.65,XOF,,,CNAM_CMU,Décision n°0016/AIRP/DG du 29 septembre 2025,2025-09-29,,2026-08-22,source_externe_non_validee,3,false
PRIX-CMU-HTA-024,HTA,24,"SERPERAM 10 MG/5 MG COMPRIME, BOÎTE DE 30",SERPERAM,10 MG/5 MG,comprime,BOITE DE 30,30,unite,10193.57,XOF,,,CNAM_CMU,Décision n°0016/AIRP/DG du 29 septembre 2025,2025-09-29,,2026-08-22,source_externe_non_validee,3,false
PRIX-CMU-HTA-025,HTA,25,"SERPERAM 10 MG/10 MG COMPRIME, BOÎTE DE 30",SERPERAM,10 MG/10 MG,comprime,BOITE DE 30,30,unite,10193.57,XOF,,,CNAM_CMU,Décision n°0016/AIRP/DG du 29 septembre 2025,2025-09-29,,2026-08-22,source_externe_non_validee,3,false
PRIX-CMU-HTA-026,HTA,26,"SERPERAM 5 MG/10 MG COMPRIME, BOÎTE DE 30",SERPERAM,5 MG/10 MG,comprime,BOITE DE 30,30,unite,7039.07,XOF,,,CNAM_CMU,Décision n°0016/AIRP/DG du 29 septembre 2025,2025-09-29,,2026-08-22,source_externe_non_validee,3,false
PRIX-CMU-HTA-027,HTA,27,"TELMIKAA AM 40MG/5 MG COMPRIME BICOUCHE, BOÎTE DE 30",TELMIKAA AM,40MG/5 MG,comprime_bicouche,BOITE DE 30,30,unite,7350.00,XOF,,,CNAM_CMU,Décision n°0016/AIRP/DG du 29 septembre 2025,2025-09-29,,2026-08-22,source_externe_non_validee,3,false
PRIX-CMU-HTA-028,HTA,28,"TELMIS-A 40 MG/5 MG COMPRIME, BOÎTE DE 28",TELMIS-A,40 MG/5 MG,comprime,BOITE DE 28,28,unite,7350.00,XOF,,,CNAM_CMU,Décision n°0016/AIRP/DG du 29 septembre 2025,2025-09-29,,2026-08-22,source_externe_non_validee,3,false
PRIX-CMU-HTA-029,HTA,29,"TELMIS-A 80 MG/5 MG COMPRIME, BOÎTE DE 28",TELMIS-A,80 MG/5 MG,comprime,BOITE DE 28,28,unite,7350.00,XOF,,,CNAM_CMU,Décision n°0016/AIRP/DG du 29 septembre 2025,2025-09-29,,2026-08-22,source_externe_non_validee,3,false
PRIX-CMU-HTA-030,HTA,30,"SARTEX 5 MG/160 MG COMPRIME, BOÎTE DE 30",SARTEX,5 MG/160 MG,comprime,BOITE DE 30,30,unite,10867.19,XOF,,,CNAM_CMU,Décision n°0016/AIRP/DG du 29 septembre 2025,2025-09-29,,2026-08-22,source_externe_non_validee,3,false
PRIX-CMU-HTA-031,HTA,31,"AMLOTEL 10 MG/40 MG COMPRIME, PELLICULES BOÎTE DE 30",AMLOTEL,10 MG/40 MG,comprime,BOITE DE 30,30,unite,7370.16,XOF,,,CNAM_CMU,Décision n°0016/AIRP/DG du 29 septembre 2025,2025-09-29,,2026-08-22,source_externe_non_validee,3,false
PRIX-CMU-HTA-032,HTA,32,"SARTEX 10 MG/160 MG COMPRIME, BOÎTE DE 30",SARTEX,10 MG/160 MG,comprime,BOITE DE 30,30,unite,11215.70,XOF,,,CNAM_CMU,Décision n°0016/AIRP/DG du 29 septembre 2025,2025-09-29,,2026-08-22,source_externe_non_validee,3,false
PRIX-CMU-HTA-033,HTA,33,"TENSICARD 50 MG COMPRIME SECABLE, BOÎTE DE 30",TENSICARD,50 MG,comprime_secable,BOITE DE 30,30,unite,2100.00,XOF,,,CNAM_CMU,Décision n°0016/AIRP/DG du 29 septembre 2025,2025-09-29,,2026-08-22,source_externe_non_validee,3,false
PRIX-CMU-HTA-034,HTA,34,"ATENOLOL-DENK 50 MG COMPRIME, BOÎTE DE 100",ATENOLOL-DENK,50 MG,comprime,BOITE DE 100,100,unite,8540.56,XOF,,,CNAM_CMU,Décision n°0016/AIRP/DG du 29 septembre 2025,2025-09-29,,2026-08-22,source_externe_non_validee,3,false
PRIX-CMU-HTA-035,HTA,35,"BLOKIUM 100 MG COMPRIME, BOÎTE DE 15",BLOKIUM,100 MG,comprime,BOITE DE 15,15,unite,4116.00,XOF,,,CNAM_CMU,Décision n°0016/AIRP/DG du 29 septembre 2025,2025-09-29,,2026-08-22,source_externe_non_validee,3,false
PRIX-CMU-HTA-036,HTA,36,"XYTENOL 100 MG COMPRIME SECABLE, BOÎTE DE 28",XYTENOL,100 MG,comprime_secable,BOITE DE 28,28,unite,4710.51,XOF,,,CNAM_CMU,Décision n°0016/AIRP/DG du 29 septembre 2025,2025-09-29,,2026-08-22,source_externe_non_validee,3,false
PRIX-CMU-HTA-037,HTA,37,"TENORETIC 50 MG/12,5 MG COMPRIME PELLICULE, BOÎTE DE 30",TENORETIC,"50 MG/12,5 MG",comprime_pellicule,BOITE DE 30,30,unite,5827.50,XOF,,,CNAM_CMU,Décision n°0016/AIRP/DG du 29 septembre 2025,2025-09-29,,2026-08-22,source_externe_non_validee,3,false
PRIX-CMU-HTA-038,HTA,38,"BISOPROLOL REF 2,5 MG COMPRIME PELLICULÉ SÉCABLE, BOÎTE DE 30",BISOPROLOL REF,"2,5 MG",comprime_pellicule_secable,BOITE DE 30,30,unite,2341.77,XOF,,,CNAM_CMU,Décision n°0016/AIRP/DG du 29 septembre 2025,2025-09-29,,2026-08-22,source_externe_non_validee,3,false
PRIX-CMU-HTA-039,HTA,39,"BISOPROLOL REF 5 MG COMPRIME PELLICULÉ SÉCABLE, BOÎTE DE 30",BISOPROLOL REF,5 MG,comprime_pellicule_secable,BOITE DE 30,30,unite,2341.77,XOF,,,CNAM_CMU,Décision n°0016/AIRP/DG du 29 septembre 2025,2025-09-29,,2026-08-22,source_externe_non_validee,3,false
PRIX-CMU-HTA-040,HTA,40,"BISOPROLOL FUMARATE FIZA 5 MG COMPRIME, BOÎTE DE 30",BISOPROLOL FUMARATE FIZA,5 MG,comprime,BOITE DE 30,30,unite,1323.00,XOF,,,CNAM_CMU,Décision n°0016/AIRP/DG du 29 septembre 2025,2025-09-29,,2026-08-22,source_externe_non_validee,3,false
PRIX-CMU-HTA-041,HTA,41,"BISOPROLOL REF 10 MG COMPRIME PELLICULÉ SÉCABLE, BOÎTE DE 30",BISOPROLOL REF,10 MG,comprime_pellicule_secable,BOITE DE 30,30,unite,3443.77,XOF,,,CNAM_CMU,Décision n°0016/AIRP/DG du 29 septembre 2025,2025-09-29,,2026-08-22,source_externe_non_validee,3,false
PRIX-CMU-HTA-042,HTA,42,"BISOPROLOL FUMARATE FIZA 10 MG COMPRIME, BOÎTE DE 30",BISOPROLOL FUMARATE FIZA,10 MG,comprime,BOITE DE 30,30,unite,2268.00,XOF,,,CNAM_CMU,Décision n°0016/AIRP/DG du 29 septembre 2025,2025-09-29,,2026-08-22,source_externe_non_validee,3,false
PRIX-CMU-HTA-043,HTA,43,BISOPROLOL/PERINDOPRIL 5 MG/5 MG COMPRIME PELLICULE SECABLE BOÎTE DE 30,BISOPROLOL/PERINDOPRIL,5 MG/5 MG,comprime_pellicule_secable,BOITE DE 30,30,unite,9036.46,XOF,,,CNAM_CMU,Décision n°0016/AIRP/DG du 29 septembre 2025,2025-09-29,,2026-08-22,source_externe_non_validee,3,false
PRIX-CMU-HTA-044,HTA,44,"BISOPROLOL/HYDROCHLOROTHIAZIDE BIOGARAN 2,5 MG/6,25 MG COMPRIME, BOÎTE DE 30",BISOPROLOL/HYDROCHLOROTHIAZIDE BIOGARAN,"2,5 MG/6,25 MG",comprime,BOITE DE 30,30,unite,4752.72,XOF,,,CNAM_CMU,Décision n°0016/AIRP/DG du 29 septembre 2025,2025-09-29,,2026-08-22,source_externe_non_validee,3,false
PRIX-CMU-HTA-045,HTA,45,"BISOPROLOL/HYDROCHLOROTHIAZIDE BIOGARAN 5 MG/6,25 MG COMPRIME, BOÎTE DE 30",BISOPROLOL/HYDROCHLOROTHIAZIDE BIOGARAN,"5 MG/6,25 MG",comprime,BOITE DE 30,30,unite,4752.72,XOF,,,CNAM_CMU,Décision n°0016/AIRP/DG du 29 septembre 2025,2025-09-29,,2026-08-22,source_externe_non_validee,3,false
PRIX-CMU-HTA-046,HTA,46,"BISOPROLOL/HYDROCHLOROTHIAZIDE BIOGARAN 10 MG/6,25 MG COMPRIME, BOÎTE DE 30",BISOPROLOL/HYDROCHLOROTHIAZIDE BIOGARAN,"10 MG/6,25 MG",comprime,BOITE DE 30,30,unite,4752.72,XOF,,,CNAM_CMU,Décision n°0016/AIRP/DG du 29 septembre 2025,2025-09-29,,2026-08-22,source_externe_non_validee,3,false
PRIX-CMU-HTA-047,HTA,47,"CAPTOPRIL-DENK 25 MG COMPRIME, BOÎTE DE 20",CAPTOPRIL-DENK,25 MG,comprime,BOITE DE 20,20,unite,2066.26,XOF,,,CNAM_CMU,Décision n°0016/AIRP/DG du 29 septembre 2025,2025-09-29,,2026-08-22,source_externe_non_validee,3,false
PRIX-CMU-HTA-048,HTA,48,"CAPTOPRIL-DENK 25 MG COMPRIME, BOÎTE DE 100",CAPTOPRIL-DENK,25 MG,comprime,BOITE DE 100,100,unite,7438.55,XOF,,,CNAM_CMU,Décision n°0016/AIRP/DG du 29 septembre 2025,2025-09-29,,2026-08-22,source_externe_non_validee,3,false
PRIX-CMU-HTA-049,HTA,49,"CAPTOPRIL+HCT DENK 50 MG/25 MG COMPRIME, BOÎTE DE 100",CAPTOPRIL+HCT DENK,50 MG/25 MG,comprime,BOITE DE 100,100,unite,10744.58,XOF,,,CNAM_CMU,Décision n°0016/AIRP/DG du 29 septembre 2025,2025-09-29,,2026-08-22,source_externe_non_validee,3,false
PRIX-CMU-HTA-050,HTA,50,"CAPTOPRIL+HCT DENK 50 MG/25 MG COMPRIME, BOÎTE DE 30",CAPTOPRIL+HCT DENK,50 MG/25 MG,comprime,BOITE DE 30,30,unite,3374.90,XOF,,,CNAM_CMU,Décision n°0016/AIRP/DG du 29 septembre 2025,2025-09-29,,2026-08-22,source_externe_non_validee,3,false
PRIX-CMU-HTA-051,HTA,51,"CARDIURINE 50 MG/25 MG COMPRIME, BOÎTE DE 30",CARDIURINE,50 MG/25 MG,comprime,BOITE DE 30,30,unite,4118.10,XOF,,,CNAM_CMU,Décision n°0016/AIRP/DG du 29 septembre 2025,2025-09-29,,2026-08-22,source_externe_non_validee,3,false
PRIX-CMU-HTA-052,HTA,52,"ENALAPRIL BIOGARAN 5 MG COMPRIME SÉCABLE, BOÎTE DE 28",ENALAPRIL BIOGARAN,5 MG,comprime_secable,BOITE DE 28,28,unite,2837.67,XOF,,,CNAM_CMU,Décision n°0016/AIRP/DG du 29 septembre 2025,2025-09-29,,2026-08-22,source_externe_non_validee,3,false
PRIX-CMU-HTA-053,HTA,53,"ENALAPRIL BIOGARAN 20 MG COMPRIME SECABLE, BOÎTE DE 28",ENALAPRIL BIOGARAN,20 MG,comprime_secable,BOITE DE 28,28,unite,3326.40,XOF,,,CNAM_CMU,Décision n°0016/AIRP/DG du 29 septembre 2025,2025-09-29,,2026-08-22,source_externe_non_validee,3,false
PRIX-CMU-HTA-054,HTA,54,"ENALAPRIL VIR 20 MG COMPRIME, BOÎTE DE 28",ENALAPRIL VIR,20 MG,comprime,BOITE DE 28,28,unite,3360.00,XOF,,,CNAM_CMU,Décision n°0016/AIRP/DG du 29 septembre 2025,2025-09-29,,2026-08-22,source_externe_non_validee,3,false
PRIX-CMU-HTA-055,HTA,55,"ENA+HCT-DENK 20 MG/12,5 MG COMPRIME, BOÎTE DE 30",ENA+HCT-DENK,"20 MG/12,5 MG",comprime,BOITE DE 30,30,unite,9229.31,XOF,,,CNAM_CMU,Décision n°0016/AIRP/DG du 29 septembre 2025,2025-09-29,,2026-08-22,source_externe_non_validee,3,false
PRIX-CMU-HTA-056,HTA,56,"ENALAPRIL HTZ VIR 20 MG/12,5 MGCOMPRIME, BOÎTE DE 28",ENALAPRIL HTZ VIR,"20 MG/12,5 MG",comprime,BOITE DE 28,28,unite,3580.50,XOF,,,CNAM_CMU,Décision n°0016/AIRP/DG du 29 septembre 2025,2025-09-29,,2026-08-22,source_externe_non_validee,3,false
PRIX-CMU-HTA-057,HTA,57,"ENALAPRIL/HYDROCHLOROTHIAZIDE BIOGARAN 20 MG/12,5 MG COMPRIME, BOÎTE DE 28",ENALAPRIL/HYDROCHLOROTHIAZIDE BIOGARAN,"20 MG/12,5 MG",comprime,BOITE DE 28,28,unite,3857.28,XOF,,,CNAM_CMU,Décision n°0016/AIRP/DG du 29 septembre 2025,2025-09-29,,2026-08-22,source_externe_non_validee,3,false
PRIX-CMU-HTA-058,HTA,58,"FUROSEMIDE BIOGARAN 40 MG COMPRIME, BOÎTE DE 30",FUROSEMIDE BIOGARAN,40 MG,comprime,BOITE DE 30,30,unite,1873.54,XOF,,,CNAM_CMU,Décision n°0016/AIRP/DG du 29 septembre 2025,2025-09-29,,2026-08-22,source_externe_non_validee,3,false
PRIX-CMU-HTA-059,HTA,59,"ESIDREX 25 MG COMPRIME, BOÎTE DE 20",ESIDREX,25 MG,comprime,BOITE DE 20,20,unite,2314.20,XOF,,,CNAM_CMU,Décision n°0016/AIRP/DG du 29 septembre 2025,2025-09-29,,2026-08-22,source_externe_non_validee,3,false
PRIX-CMU-HTA-060,HTA,60,"COAPROZAR 150 MG/12,5 MG COMPRIME, BOÎTE DE 30",COAPROZAR,"150 MG/12,5 MG",comprime,BOITE DE 30,30,unite,5152.56,XOF,,,CNAM_CMU,Décision n°0016/AIRP/DG du 29 septembre 2025,2025-09-29,,2026-08-22,source_externe_non_validee,3,false
PRIX-CMU-HTA-061,HTA,61,"IRBESARTAN / HYDROCHLOROTHIAZIDE BIOGARAN 150 MG / 12,5 MG COMPRIMÉ PELLICULÉ, BOÎTE DE 30",IRBESARTAN / HYDROCHLOROTHIAZIDE BIOGARAN,"150 MG / 12,5 MG",comprime_pellicule,BOITE DE 30,30,unite,4544.40,XOF,,,CNAM_CMU,Décision n°0016/AIRP/DG du 29 septembre 2025,2025-09-29,,2026-08-22,source_externe_non_validee,3,false
PRIX-CMU-HTA-062,HTA,62,"COAPROZAR 300 MG/12,5 MG COMPRIME, BOÎTE DE 30",COAPROZAR,"300 MG/12,5 MG",comprime,BOITE DE 30,30,unite,5424.51,XOF,,,CNAM_CMU,Décision n°0016/AIRP/DG du 29 septembre 2025,2025-09-29,,2026-08-22,source_externe_non_validee,3,false
PRIX-CMU-HTA-063,HTA,63,"IRBESARTAN / HYDROCHLOROTHIAZIDE BIOGARAN 300 MG / 12,5 MG COMPRIMÉ PELLICULÉ, BOÎTE DE 30",IRBESARTAN / HYDROCHLOROTHIAZIDE BIOGARAN,"300 MG / 12,5 MG",comprime_pellicule,BOITE DE 30,30,unite,4544.40,XOF,,,CNAM_CMU,Décision n°0016/AIRP/DG du 29 septembre 2025,2025-09-29,,2026-08-22,source_externe_non_validee,3,false
PRIX-CMU-HTA-064,HTA,64,"COAPROZAR 300 MG/25 MG COMPRIME, BOÎTE DE 30",COAPROZAR,300 MG/25 MG,comprime,BOITE DE 30,30,unite,5424.51,XOF,,,CNAM_CMU,Décision n°0016/AIRP/DG du 29 septembre 2025,2025-09-29,,2026-08-22,source_externe_non_validee,3,false
PRIX-CMU-HTA-065,HTA,65,"IRBESARTAN / HYDROCHLOROTHIAZIDE BIOGARAN 300 MG / 25 MG COMPRIMÉ PELLICULÉ, BOÎTE DE 30",IRBESARTAN / HYDROCHLOROTHIAZIDE BIOGARAN,300 MG / 25 MG,comprime_pellicule,BOITE DE 30,30,unite,4544.40,XOF,,,CNAM_CMU,Décision n°0016/AIRP/DG du 29 septembre 2025,2025-09-29,,2026-08-22,source_externe_non_validee,3,false
PRIX-CMU-HTA-066,HTA,66,"CO-LOSAR 50 MG/12,5 MG COMPRIMÉ PELLICULÉ, BOÎTE DE 30",CO-LOSAR,"50 MG/12,5 MG",comprime_pellicule,BOITE DE 30,30,unite,5460.00,XOF,,,CNAM_CMU,Décision n°0016/AIRP/DG du 29 septembre 2025,2025-09-29,,2026-08-22,source_externe_non_validee,3,false
PRIX-CMU-HTA-067,HTA,67,"COLOSAR-DENK 50 MG/12,5 MG COMPRIMÉ PELLICULÉ, BOÎTE DE 28",COLOSAR-DENK,"50 MG/12,5 MG",comprime_pellicule,BOITE DE 28,28,unite,8953.81,XOF,,,CNAM_CMU,Décision n°0016/AIRP/DG du 29 septembre 2025,2025-09-29,,2026-08-22,source_externe_non_validee,3,false
PRIX-CMU-HTA-068,HTA,68,"RAASAR-H 50 MG/12,5 MG COMPRIME, BOÎTE DE 30",RAASAR-H,"50 MG/12,5 MG",comprime,BOITE DE 30,30,unite,3691.80,XOF,,,CNAM_CMU,Décision n°0016/AIRP/DG du 29 septembre 2025,2025-09-29,,2026-08-22,source_externe_non_validee,3,false
PRIX-CMU-HTA-069,HTA,69,"ZYLTAN H 50 MG/12,5 MG COMPRIME PELLICULE, BOÎTE DE 30",ZYLTAN H,"50 MG/12,5 MG",comprime_pellicule,BOITE DE 30,30,unite,5460.00,XOF,,,CNAM_CMU,Décision n°0016/AIRP/DG du 29 septembre 2025,2025-09-29,,2026-08-22,source_externe_non_validee,3,false
PRIX-CMU-HTA-070,HTA,70,"HYZAAR 50 MG/12,5 MG COMPRIME PELLICULE, BOÎTE DE 28",HYZAAR,"50 MG/12,5 MG",comprime_pellicule,BOITE DE 28,28,unite,6474.30,XOF,,,CNAM_CMU,Décision n°0016/AIRP/DG du 29 septembre 2025,2025-09-29,,2026-08-22,source_externe_non_validee,3,false
PRIX-CMU-HTA-071,HTA,71,"COLOSAR-DENK 100 MG/12,5 MG COMPRIMÉ PELLICULÉ, BOÎTE DE 28",COLOSAR-DENK,"100 MG/12,5 MG",comprime_pellicule,BOITE DE 28,28,unite,13086.34,XOF,,,CNAM_CMU,Décision n°0016/AIRP/DG du 29 septembre 2025,2025-09-29,,2026-08-22,source_externe_non_validee,3,false
PRIX-CMU-HTA-072,HTA,72,"TRITAZIDE 5 MG/12,5 MG COMPRIME, BOÎTE DE 28",TRITAZIDE,"5 MG/12,5 MG",comprime,BOITE DE 28,28,unite,5508.30,XOF,,,CNAM_CMU,Décision n°0016/AIRP/DG du 29 septembre 2025,2025-09-29,,2026-08-22,source_externe_non_validee,3,false
PRIX-CMU-HTA-073,HTA,73,"TELMIS-H 40MG/12,5 MG COMPRIME, BOÎTE DE 28",TELMIS-H,"40MG/12,5 MG",comprime,BOITE DE 28,28,unite,8400.00,XOF,,,CNAM_CMU,Décision n°0016/AIRP/DG du 29 septembre 2025,2025-09-29,,2026-08-22,source_externe_non_validee,3,false
PRIX-CMU-HTA-074,HTA,74,"TELMIKAA H 40 MG/12,5 MG COMPRIME, BOÎTE DE 30",TELMIKAA H,"40 MG/12,5 MG",comprime,BOITE DE 30,30,unite,8400.00,XOF,,,CNAM_CMU,Décision n°0016/AIRP/DG du 29 septembre 2025,2025-09-29,,2026-08-22,source_externe_non_validee,3,false
PRIX-CMU-HTA-075,HTA,75,"TELMIS-H 80 MG/12,5 MG COMPRIME, BOÎTE DE 28",TELMIS-H,"80 MG/12,5 MG",comprime,BOITE DE 28,28,unite,9450.00,XOF,,,CNAM_CMU,Décision n°0016/AIRP/DG du 29 septembre 2025,2025-09-29,,2026-08-22,source_externe_non_validee,3,false
PRIX-CMU-HTA-076,HTA,76,"TELMIS-H 80 MG/25 MG COMPRIME, BOÎTE DE 28",TELMIS-H,80 MG/25 MG,comprime,BOITE DE 28,28,unite,9765.00,XOF,,,CNAM_CMU,Décision n°0016/AIRP/DG du 29 septembre 2025,2025-09-29,,2026-08-22,source_externe_non_validee,3,false
PRIX-CMU-HTA-077,HTA,77,"COTAREG 160 MG/25 MG COMPRIME, BOÎTE DE 28",COTAREG,160 MG/25 MG,comprime,BOITE DE 28,28,unite,9298.80,XOF,,,CNAM_CMU,Décision n°0016/AIRP/DG du 29 septembre 2025,2025-09-29,,2026-08-22,source_externe_non_validee,3,false
PRIX-CMU-HTA-078,HTA,78,"HYDROCHLOROTHIAZIDE/NEBIVOLOL BIOGARAN 12,5 MG/5 MG COMPRIME, BOÎTE DE 30",HYDROCHLOROTHIAZIDE/NEBIVOLOL BIOGARAN,"12,5 MG/5 MG",comprime,BOITE DE 30,30,unite,4752.72,XOF,,,CNAM_CMU,Décision n°0016/AIRP/DG du 29 septembre 2025,2025-09-29,,2026-08-22,source_externe_non_validee,3,false
PRIX-CMU-HTA-079,HTA,79,"HYDROCHLOROTHIAZIDE/NEBIVOLOL 25 MG/5 MG COMPRIME, BOÎTE DE 30",HYDROCHLOROTHIAZIDE/NEBIVOLOL,25 MG/5 MG,comprime,BOITE DE 30,30,unite,4752.72,XOF,,,CNAM_CMU,Décision n°0016/AIRP/DG du 29 septembre 2025,2025-09-29,,2026-08-22,source_externe_non_validee,3,false
PRIX-CMU-HTA-080,HTA,80,"RAMITHIAZIDE 5 MG/12,5 MG COMPRIME SECABLE, BOÎTE DE 30",RAMITHIAZIDE,"5 MG/12,5 MG",comprime_secable,BOITE DE 30,30,unite,3223.29,XOF,,,CNAM_CMU,Décision n°0016/AIRP/DG du 29 septembre 2025,2025-09-29,,2026-08-22,source_externe_non_validee,3,false
PRIX-CMU-HTA-081,HTA,81,"HYDROCHLOROTHIAZIDE/RAMIPRIL 12,5 MG/5 MG COMPRIME",HYDROCHLOROTHIAZIDE/RAMIPRIL,"12,5 MG/5 MG",comprime,,,,3223.29,XOF,,,CNAM_CMU,Décision n°0016/AIRP/DG du 29 septembre 2025,2025-09-29,,2026-08-22,source_externe_non_validee,3,true
PRIX-CMU-HTA-082,HTA,82,"INDAPAMIDE 1,5 MG COMPRIME",INDAPAMIDE,"1,5 MG",comprime,,,,5248.31,XOF,,,CNAM_CMU,Décision n°0016/AIRP/DG du 29 septembre 2025,2025-09-29,,2026-08-22,source_externe_non_validee,3,true
PRIX-CMU-HTA-083,HTA,83,"INDAPAMIDE 2,5 MG COMPRIME",INDAPAMIDE,"2,5 MG",comprime,,,,5250.00,XOF,,,CNAM_CMU,Décision n°0016/AIRP/DG du 29 septembre 2025,2025-09-29,,2026-08-22,source_externe_non_validee,3,true
PRIX-CMU-HTA-084,HTA,84,"INDAPAMIDE/PERINDOPRIL 1,25 MG/5 MG COMPRIME",INDAPAMIDE/PERINDOPRIL,"1,25 MG/5 MG",comprime,,,,7355.90,XOF,,,CNAM_CMU,Décision n°0016/AIRP/DG du 29 septembre 2025,2025-09-29,,2026-08-22,source_externe_non_validee,3,true
PRIX-CMU-HTA-085,HTA,85,"INDAPAMIDE/PERINDOPRIL 2,5 MG/10 MG COMPRIME",INDAPAMIDE/PERINDOPRIL,"2,5 MG/10 MG",comprime,,,,8953.81,XOF,,,CNAM_CMU,Décision n°0016/AIRP/DG du 29 septembre 2025,2025-09-29,,2026-08-22,source_externe_non_validee,3,true
PRIX-CMU-HTA-086,HTA,86,IRBESARTAN 75 MG COMPRIME,IRBESARTAN,75 MG,comprime,,,,4545.79,XOF,,,CNAM_CMU,Décision n°0016/AIRP/DG du 29 septembre 2025,2025-09-29,,2026-08-22,source_externe_non_validee,3,true
PRIX-CMU-HTA-087,HTA,87,IRBESARTAN 150 MG COMPRIME,IRBESARTAN,150 MG,comprime,,,,4544.40,XOF,,,CNAM_CMU,Décision n°0016/AIRP/DG du 29 septembre 2025,2025-09-29,,2026-08-22,source_externe_non_validee,3,true
PRIX-CMU-HTA-088,HTA,88,IRBESARTAN 300 MG COMPRIME,IRBESARTAN,300 MG,comprime,,,,5351.01,XOF,,,CNAM_CMU,Décision n°0016/AIRP/DG du 29 septembre 2025,2025-09-29,,2026-08-22,source_externe_non_validee,3,true
PRIX-CMU-HTA-089,HTA,89,IRBESARTAN BIOGARAN 300 MG COMPRIMÉ PELLICULÉ,IRBESARTAN BIOGARAN,300 MG,comprime_pellicule,,,,4544.40,XOF,,,CNAM_CMU,Décision n°0016/AIRP/DG du 29 septembre 2025,2025-09-29,,2026-08-22,source_externe_non_validee,3,true
PRIX-CMU-HTA-090,HTA,90,LOSARTAN 25 MG COMPRIME,LOSARTAN,25 MG,comprime,,,,3857.03,XOF,,,CNAM_CMU,Décision n°0016/AIRP/DG du 29 septembre 2025,2025-09-29,,2026-08-22,source_externe_non_validee,3,true
PRIX-CMU-HTA-091,HTA,91,LOSARTAN 50 MG COMPRIME,LOSARTAN,50 MG,comprime,,,,4821.28,XOF,,,CNAM_CMU,Décision n°0016/AIRP/DG du 29 septembre 2025,2025-09-29,,2026-08-22,source_externe_non_validee,3,true
PRIX-CMU-HTA-092,HTA,92,LOSAR 50 MG COMPRIME,LOSAR,50 MG,comprime,,,,5670.00,XOF,,,CNAM_CMU,Décision n°0016/AIRP/DG du 29 septembre 2025,2025-09-29,,2026-08-22,source_externe_non_validee,3,true
PRIX-CMU-HTA-093,HTA,93,RAASAR 50 MG USP COMPRIME,RAASAR,50 MG,comprime,,,,3580.50,XOF,,,CNAM_CMU,Décision n°0016/AIRP/DG du 29 septembre 2025,2025-09-29,,2026-08-22,source_externe_non_validee,3,true
PRIX-CMU-HTA-094,HTA,94,ZYLTAN 50 MG COMPRIME PELLICULE,ZYLTAN,50 MG,comprime_pellicule,,,,5040.00,XOF,,,CNAM_CMU,Décision n°0016/AIRP/DG du 29 septembre 2025,2025-09-29,,2026-08-22,source_externe_non_validee,3,true
PRIX-CMU-HTA-095,HTA,95,LOSAR-DENK 100 MG COMPRIME,LOSAR-DENK,100 MG,comprime,,,,6887.55,XOF,,,CNAM_CMU,Décision n°0016/AIRP/DG du 29 septembre 2025,2025-09-29,,2026-08-22,source_externe_non_validee,3,true
PRIX-CMU-HTA-096,HTA,96,METHYLDOPA-GH 500 MG COMPRIME,METHYLDOPA-GH,500 MG,comprime,,,,4339.15,XOF,,,CNAM_CMU,Décision n°0016/AIRP/DG du 29 septembre 2025,2025-09-29,,2026-08-22,source_externe_non_validee,3,true
PRIX-CMU-HTA-097,HTA,97,LOPRESSOR LP 200 MG COMPRIME,LOPRESSOR LP,200 MG,comprime,,,,7308.00,XOF,,,CNAM_CMU,Décision n°0016/AIRP/DG du 29 septembre 2025,2025-09-29,,2026-08-22,source_externe_non_validee,3,true
PRIX-CMU-HTA-098,HTA,98,NEBILUS 5 MG COMPRIME,NEBILUS,5 MG,comprime,,,,5939.01,XOF,,,CNAM_CMU,Décision n°0016/AIRP/DG du 29 septembre 2025,2025-09-29,,2026-08-22,source_externe_non_validee,3,true
PRIX-CMU-HTA-099,HTA,99,NEBIVOLOL BIOGARAN 5 MG COMPRIME QUADRISÉCABLE,NEBIVOLOL BIOGARAN,5 MG,comprime_quadrisecable,,,,5785.54,XOF,,,CNAM_CMU,Décision n°0016/AIRP/DG du 29 septembre 2025,2025-09-29,,2026-08-22,source_externe_non_validee,3,true
PRIX-CMU-HTA-100,HTA,100,LOXEN 20 MG COMPRIME,LOXEN,20 MG,comprime,,,,5317.18,XOF,,,CNAM_CMU,Décision n°0016/AIRP/DG du 29 septembre 2025,2025-09-29,,2026-08-22,source_externe_non_validee,3,true
PRIX-CMU-HTA-101,HTA,101,LOXEN 10 MG/10ML SOLUTION INJECTABLE,LOXEN,10 MG/10ML,solution_injectable,,,,9435.93,XOF,,,CNAM_CMU,Décision n°0016/AIRP/DG du 29 septembre 2025,2025-09-29,,2026-08-22,source_externe_non_validee,3,true
PRIX-CMU-HTA-102,HTA,102,NIFEDI-DENK RETARD 10 MG COMPRIME À LIBERATION PROLONGÉE,NIFEDI-DENK RETARD,10 MG,comprime_lp,,,,5372.29,XOF,,,CNAM_CMU,Décision n°0016/AIRP/DG du 29 septembre 2025,2025-09-29,,2026-08-22,source_externe_non_validee,3,true
PRIX-CMU-HTA-103,HTA,103,NIFEDI-DENK RETARD 20 MG COMPRIME À LIBERATION PROLONGÉE,NIFEDI-DENK RETARD,20 MG,comprime_lp,,,,2410.64,XOF,,,CNAM_CMU,Décision n°0016/AIRP/DG du 29 septembre 2025,2025-09-29,,2026-08-22,source_externe_non_validee,3,true
PRIX-CMU-HTA-104,HTA,104,NIFEDI-DENK 20 MG RETARD COMPRIME PELLICULE,NIFEDI-DENK,20 MG,comprime_pellicule,,,,7782.93,XOF,,,CNAM_CMU,Décision n°0016/AIRP/DG du 29 septembre 2025,2025-09-29,,2026-08-22,source_externe_non_validee,3,true
PRIX-CMU-HTA-105,HTA,105,COVERSYL 5 MG COMPRIME PELLICULE,COVERSYL,5 MG,comprime_pellicule,,,,6295.22,XOF,,,CNAM_CMU,Décision n°0016/AIRP/DG du 29 septembre 2025,2025-09-29,,2026-08-22,source_externe_non_validee,3,true
PRIX-CMU-HTA-106,HTA,106,COVERSYL 10 MG COMPRIME PELLICULE,COVERSYL,10 MG,comprime_pellicule,,,,8816.06,XOF,,,CNAM_CMU,Décision n°0016/AIRP/DG du 29 septembre 2025,2025-09-29,,2026-08-22,source_externe_non_validee,3,true
PRIX-CMU-HTA-107,HTA,107,PROPRANOLOL BIOGARAN 40 MG COMPRIME SECABLE,PROPRANOLOL BIOGARAN,40 MG,comprime_secable,,,,1653.02,XOF,,,CNAM_CMU,Décision n°0016/AIRP/DG du 29 septembre 2025,2025-09-29,,2026-08-22,source_externe_non_validee,3,true
PRIX-CMU-HTA-108,HTA,108,"RAMIPRIL BIOGARAN 1,25 MG COMPRIME",RAMIPRIL BIOGARAN,"1,25 MG",comprime,,,,3595.54,XOF,,,CNAM_CMU,Décision n°0016/AIRP/DG du 29 septembre 2025,2025-09-29,,2026-08-22,source_externe_non_validee,3,true
PRIX-CMU-HTA-109,HTA,109,RAMIPRIL BIOGARAN 5 MG COMPRIME,RAMIPRIL BIOGARAN,5 MG,comprime,,,,4132.80,XOF,,,CNAM_CMU,Décision n°0016/AIRP/DG du 29 septembre 2025,2025-09-29,,2026-08-22,source_externe_non_validee,3,true
PRIX-CMU-HTA-110,HTA,110,RAMIPRIL GH 5 MG COMPRIME,RAMIPRIL GH,5 MG,comprime,,,,4476.91,XOF,,,CNAM_CMU,Décision n°0016/AIRP/DG du 29 septembre 2025,2025-09-29,,2026-08-22,source_externe_non_validee,3,true
PRIX-CMU-HTA-111,HTA,111,RAPRIL 10 MG COMPRIME,RAPRIL,10 MG,comprime,,,,7107.85,XOF,,,CNAM_CMU,Décision n°0016/AIRP/DG du 29 septembre 2025,2025-09-29,,2026-08-22,source_externe_non_validee,3,true
PRIX-CMU-HTA-112,HTA,112,SPIRONOLACTONE BIOGARAN 50 MG COMPRIME,SPIRONOLACTONE BIOGARAN,50 MG,comprime,,,,3430.22,XOF,,,CNAM_CMU,Décision n°0016/AIRP/DG du 29 septembre 2025,2025-09-29,,2026-08-22,source_externe_non_validee,3,true
PRIX-CMU-HTA-113,HTA,113,SPIRONOLACTONE BIOGARAN 75 MG COMPRIME,SPIRONOLACTONE BIOGARAN,75 MG,comprime,,,,4132.80,XOF,,,CNAM_CMU,Décision n°0016/AIRP/DG du 29 septembre 2025,2025-09-29,,2026-08-22,source_externe_non_validee,3,true
PRIX-CMU-HTA-114,HTA,114,TELMIKAA 40 MG COMPRIME,TELMIKAA,40 MG,comprime,,,,6888.00,XOF,,,CNAM_CMU,Décision n°0016/AIRP/DG du 29 septembre 2025,2025-09-29,,2026-08-22,source_externe_non_validee,3,true
PRIX-CMU-HTA-115,HTA,115,TELOD 80 MG COMPRIME,TELOD,80 MG,comprime,,,,5510.04,XOF,,,CNAM_CMU,Décision n°0016/AIRP/DG du 29 septembre 2025,2025-09-29,,2026-08-22,source_externe_non_validee,3,true
PRIX-CMU-HTA-116,HTA,116,TAREG 80 MG COMPRIME,TAREG,80 MG,comprime,,,,8610.00,XOF,,,CNAM_CMU,Décision n°0016/AIRP/DG du 29 septembre 2025,2025-09-29,,2026-08-22,source_externe_non_validee,3,true
PRIX-CMU-HTA-117,HTA,117,LOXEN LP 50 MG GELULE,LOXEN LP,50 MG,gelule,,,,16722.95,XOF,,,CNAM_CMU,Décision n°0016/AIRP/DG du 29 septembre 2025,2025-09-29,,2026-08-22,source_externe_non_validee,3,true
PRIX-CMU-DIABETE-001,DIABETE,1,"ATORVACOR 10 MG COMPRIME, BOÎTE DE 30",ATORVACOR,10 MG,comprime,BOITE DE 30,30,unite,4132.59,XOF,,,CNAM_CMU,Décision n°0016/AIRP/DG du 29 septembre 2025,2025-09-29,,2026-08-22,source_externe_non_validee,3,false
PRIX-CMU-DIABETE-002,DIABETE,2,"LESSTROL 10 MG COMPRIME PELLICULE, BOÎTE DE 30",LESSTROL,10 MG,comprime_pellicule,BOITE DE 30,30,unite,5250.00,XOF,,,CNAM_CMU,Décision n°0016/AIRP/DG du 29 septembre 2025,2025-09-29,,2026-08-22,source_externe_non_validee,3,false
PRIX-CMU-DIABETE-003,DIABETE,3,"TAVASTOR 10 MG COMPRIME PELLICULE, BOÎTE DE 30",TAVASTOR,10 MG,comprime_pellicule,BOITE DE 30,30,unite,5510.02,XOF,,,CNAM_CMU,Décision n°0016/AIRP/DG du 29 septembre 2025,2025-09-29,,2026-08-22,source_externe_non_validee,3,false
PRIX-CMU-DIABETE-004,DIABETE,4,"VASTATOR 10 MG COMPRIME PELLICULE, BOÎTE DE 30",VASTATOR,10 MG,comprime_pellicule,BOITE DE 30,30,unite,5250.00,XOF,,,CNAM_CMU,Décision n°0016/AIRP/DG du 29 septembre 2025,2025-09-29,,2026-08-22,source_externe_non_validee,3,false
PRIX-CMU-DIABETE-005,DIABETE,5,"ATORVACOR 20 MG COMPRIME, BOÎTE DE 30",ATORVACOR,20 MG,comprime,BOITE DE 30,30,unite,4821.29,XOF,,,CNAM_CMU,Décision n°0016/AIRP/DG du 29 septembre 2025,2025-09-29,,2026-08-22,source_externe_non_validee,3,false
PRIX-CMU-DIABETE-006,DIABETE,6,"LESSTROL 20 MG COMPRIME PELLICULE, BOÎTE DE 30",LESSTROL,20 MG,comprime_pellicule,BOITE DE 30,30,unite,5670.00,XOF,,,CNAM_CMU,Décision n°0016/AIRP/DG du 29 septembre 2025,2025-09-29,,2026-08-22,source_externe_non_validee,3,false
PRIX-CMU-DIABETE-007,DIABETE,7,"TAVASTOR 20 MG COMPRIME PELLICULE, BOÎTE DE 30",TAVASTOR,20 MG,comprime_pellicule,BOITE DE 30,30,unite,5939.01,XOF,,,CNAM_CMU,Décision n°0016/AIRP/DG du 29 septembre 2025,2025-09-29,,2026-08-22,source_externe_non_validee,3,false
PRIX-CMU-DIABETE-008,DIABETE,8,"TORA 20 MG COMPRIME, BOÎTE DE 30",TORA,20 MG,comprime,BOITE DE 30,30,unite,2037.00,XOF,,,CNAM_CMU,Décision n°0016/AIRP/DG du 29 septembre 2025,2025-09-29,,2026-08-22,source_externe_non_validee,3,false
PRIX-CMU-DIABETE-009,DIABETE,9,"VASTATOR 20 MG COMPRIME PELLICULE, BOÎTE DE 30",VASTATOR,20 MG,comprime_pellicule,BOITE DE 30,30,unite,5670.00,XOF,,,CNAM_CMU,Décision n°0016/AIRP/DG du 29 septembre 2025,2025-09-29,,2026-08-22,source_externe_non_validee,3,false
PRIX-CMU-DIABETE-010,DIABETE,10,"TAVASTOR 40 MG COMPRIME, BOÎTE DE 30",TAVASTOR,40 MG,comprime,BOITE DE 30,30,unite,6380.01,XOF,,,CNAM_CMU,Décision n°0016/AIRP/DG du 29 septembre 2025,2025-09-29,,2026-08-22,source_externe_non_validee,3,false
PRIX-CMU-DIABETE-011,DIABETE,11,"TORA 40 MG COMPRIME, BOÎTE DE 30",TORA,40 MG,comprime,BOITE DE 30,30,unite,2864.40,XOF,,,CNAM_CMU,Décision n°0016/AIRP/DG du 29 septembre 2025,2025-09-29,,2026-08-22,source_externe_non_validee,3,false
PRIX-CMU-DIABETE-012,DIABETE,12,"VASTATOR 40 MG COMPRIME PELLICULE, BOÎTE DE 30",VASTATOR,40 MG,comprime_pellicule,BOITE DE 30,30,unite,6300.00,XOF,,,CNAM_CMU,Décision n°0016/AIRP/DG du 29 septembre 2025,2025-09-29,,2026-08-22,source_externe_non_validee,3,false
PRIX-CMU-DIABETE-013,DIABETE,13,"TAVASTOR 80 MG COMPRIME PELLICULE, BOÎTE DE 30",TAVASTOR,80 MG,comprime_pellicule,BOITE DE 30,30,unite,10820.00,XOF,,,CNAM_CMU,Décision n°0016/AIRP/DG du 29 septembre 2025,2025-09-29,,2026-08-22,source_externe_non_validee,3,false
PRIX-CMU-DIABETE-014,DIABETE,14,"TORA 80 MG COMPRIME, BOÎTE DE 30",TORA,80 MG,comprime,BOITE DE 30,30,unite,4132.80,XOF,,,CNAM_CMU,Décision n°0016/AIRP/DG du 29 septembre 2025,2025-09-29,,2026-08-22,source_externe_non_validee,3,false
PRIX-CMU-DIABETE-015,DIABETE,15,"DAONIL 5 MG COMPRIME, BOÎTE DE 100",DAONIL,5 MG,comprime,BOITE DE 100,100,unite,8334.90,XOF,,,CNAM_CMU,Décision n°0016/AIRP/DG du 29 septembre 2025,2025-09-29,,2026-08-22,source_externe_non_validee,3,false
PRIX-CMU-DIABETE-016,DIABETE,16,"GLUCOVANCE 500 MG/2,5 MG COMPRIME PELLICULE, BOÎTE DE 30",GLUCOVANCE,"500 MG/2,5 MG",comprime_pellicule,BOITE DE 30,30,unite,4490.66,XOF,,,CNAM_CMU,Décision n°0016/AIRP/DG du 29 septembre 2025,2025-09-29,,2026-08-22,source_externe_non_validee,3,false
PRIX-CMU-DIABETE-017,DIABETE,17,"GLUCOVANCE 1000 MG/5 MG COMPRIME PELLICULE, BOÎTE DE 30",GLUCOVANCE,1000 MG/5 MG,comprime_pellicule,BOITE DE 30,30,unite,4917.71,XOF,,,CNAM_CMU,Décision n°0016/AIRP/DG du 29 septembre 2025,2025-09-29,,2026-08-22,source_externe_non_validee,3,false
PRIX-CMU-DIABETE-018,DIABETE,18,GLUCOVANCE 500 MG/5 MG COMPRIME PELLICULE BOÎTE DE 30,GLUCOVANCE,500 MG/5 MG,comprime_pellicule,BOITE DE 30,30,unite,4490.66,XOF,,,CNAM_CMU,Décision n°0016/AIRP/DG du 29 septembre 2025,2025-09-29,,2026-08-22,source_externe_non_validee,3,false
PRIX-CMU-DIABETE-019,DIABETE,19,"GLIDE 60 MG COMPRIME, À LIBERATION MODIFIEE BOÎTE DE 30",GLIDE,60 MG,comprime,BOITE DE 30,30,unite,7782.92,XOF,,,CNAM_CMU,Décision n°0016/AIRP/DG du 29 septembre 2025,2025-09-29,,2026-08-22,source_externe_non_validee,3,false
PRIX-CMU-DIABETE-020,DIABETE,20,"SERGLIRON 60 MG COMPRIME SECABLE A LIBERATION PROLONGEE, BOÎTE DE 30",SERGLIRON,60 MG,comprime_secable_lp,BOITE DE 30,30,unite,6295.22,XOF,,,CNAM_CMU,Décision n°0016/AIRP/DG du 29 septembre 2025,2025-09-29,,2026-08-22,source_externe_non_validee,3,false
PRIX-CMU-DIABETE-021,DIABETE,21,IRYS 1 MG COMPRIME BOÎTE DE 30,IRYS,1 MG,comprime,BOITE DE 30,30,unite,3030.30,XOF,,,CNAM_CMU,Décision n°0016/AIRP/DG du 29 septembre 2025,2025-09-29,,2026-08-22,source_externe_non_validee,3,false
PRIX-CMU-DIABETE-022,DIABETE,22,"GLIMEPIRIDE-DENK 2 MG COMPRIME, BOÎTE DE 30",GLIMEPIRIDE-DENK,2 MG,comprime,BOITE DE 30,30,unite,4270.28,XOF,,,CNAM_CMU,Décision n°0016/AIRP/DG du 29 septembre 2025,2025-09-29,,2026-08-22,source_externe_non_validee,3,false
PRIX-CMU-DIABETE-023,DIABETE,23,"GLIMIWEL 2 MG COMPRIME, BOÎTE DE 30",GLIMIWEL,2 MG,comprime,BOITE DE 30,30,unite,1515.36,XOF,,,CNAM_CMU,Décision n°0016/AIRP/DG du 29 septembre 2025,2025-09-29,,2026-08-22,source_externe_non_validee,3,false
PRIX-CMU-DIABETE-024,DIABETE,24,"IRYS 2 MG COMPRIME PELLICULE, BOÎTE DE 30",IRYS,2 MG,comprime_pellicule,BOITE DE 30,30,unite,3150.00,XOF,,,CNAM_CMU,Décision n°0016/AIRP/DG du 29 septembre 2025,2025-09-29,,2026-08-22,source_externe_non_validee,3,false
PRIX-CMU-DIABETE-025,DIABETE,25,"GLIMEPIRIDE-DENK 3 MG COMPRIME, BOÎTE DE 30",GLIMEPIRIDE-DENK,3 MG,comprime,BOITE DE 30,30,unite,5234.54,XOF,,,CNAM_CMU,Décision n°0016/AIRP/DG du 29 septembre 2025,2025-09-29,,2026-08-22,source_externe_non_validee,3,false
PRIX-CMU-DIABETE-026,DIABETE,26,"IRYS 3 MG COMPRIME PELLICULE, BOÎTE DE 30",IRYS,3 MG,comprime_pellicule,BOITE DE 30,30,unite,5250.00,XOF,,,CNAM_CMU,Décision n°0016/AIRP/DG du 29 septembre 2025,2025-09-29,,2026-08-22,source_externe_non_validee,3,false
PRIX-CMU-DIABETE-027,DIABETE,27,"GLIMERYL-M 2 MG/ 500 MG COMPRIME PELLICULE, BOÎTE 30",GLIMERYL-M,2 MG/ 500 MG,comprime_pellicule,BOITE 30,30,unite,4215.16,XOF,,,CNAM_CMU,Décision n°0016/AIRP/DG du 29 septembre 2025,2025-09-29,,2026-08-22,source_externe_non_validee,3,false
PRIX-CMU-DIABETE-028,DIABETE,28,"METRIDE-2 500 MG/2 MG COMPRIME, BOÎTE DE 30",METRIDE-2,500 MG/2 MG,comprime,BOITE DE 30,30,unite,3780.00,XOF,,,CNAM_CMU,Décision n°0016/AIRP/DG du 29 septembre 2025,2025-09-29,,2026-08-22,source_externe_non_validee,3,false
PRIX-CMU-DIABETE-029,DIABETE,29,"ACTRAPID 100 UI/ML SOL INJECTABLE S/C OU I.V, FLACON DE 10 ML",ACTRAPID,100 UI/ML,solution_injectable,FLACON DE 10 ML,10,ml,7576.80,XOF,,,CNAM_CMU,Décision n°0016/AIRP/DG du 29 septembre 2025,2025-09-29,,2026-08-22,source_externe_non_validee,3,false
PRIX-CMU-DIABETE-030,DIABETE,30,HUMODAR R 100R 100 UI/ML I.V/S.C SOLUTION INJECTABLE BOITE DE 1 CARTOUCHE,HUMODAR R,100 UI/ML,solution_injectable,BOITE DE 1 CARTOUCHE,1,cartouche,2617.44,XOF,,,CNAM_CMU,Décision n°0016/AIRP/DG du 29 septembre 2025,2025-09-29,,2026-08-22,source_externe_non_validee,3,false
PRIX-CMU-DIABETE-031,DIABETE,31,"INSULATARD 100 UI/ML SOLUTION INJECTABLE S/C OU I.V, FLACON DE 10 ML",INSULATARD,100 UI/ML,solution_injectable,FLACON DE 10 ML,10,ml,7576.80,XOF,,,CNAM_CMU,Décision n°0016/AIRP/DG du 29 septembre 2025,2025-09-29,,2026-08-22,source_externe_non_validee,3,false
PRIX-CMU-DIABETE-032,DIABETE,32,HUMODAR C25 100R 100 UI/ML S.C SUSPENSION INJECTABLE BOITE DE 1 CARTOUCHE DE 10 ML,HUMODAR C25,100 UI/ML,suspension_injectable,BOITE DE 1 CARTOUCHE,1,cartouche,2617.44,XOF,,,CNAM_CMU,Décision n°0016/AIRP/DG du 29 septembre 2025,2025-09-29,,2026-08-22,source_externe_non_validee,3,false
PRIX-CMU-DIABETE-033,DIABETE,33,"MIXTARD 30 100 UI/ML SOLUTION INJECTABLE S/C, FLACON DE 10 ML",MIXTARD 30,100 UI/ML,solution_injectable,FLACON DE 10 ML,10,ml,7576.80,XOF,,,CNAM_CMU,Décision n°0016/AIRP/DG du 29 septembre 2025,2025-09-29,,2026-08-22,source_externe_non_validee,3,false
PRIX-CMU-DIABETE-034,DIABETE,34,"METFORMIN-DENK 1000 MG COMPRIME, BOÎTE DE 30",METFORMIN-DENK,1000 MG,comprime,BOITE DE 30,30,unite,2617.27,XOF,,,CNAM_CMU,Décision n°0016/AIRP/DG du 29 septembre 2025,2025-09-29,,2026-08-22,source_externe_non_validee,3,false
PRIX-CMU-DIABETE-035,DIABETE,35,"METFORMINE BIOGARAN 1000 MG COMPRIME PELLICULE, BOÎTE DE 30",METFORMINE BIOGARAN,1000 MG,comprime_pellicule,BOITE DE 30,30,unite,2089.69,XOF,,,CNAM_CMU,Décision n°0016/AIRP/DG du 29 septembre 2025,2025-09-29,,2026-08-22,source_externe_non_validee,3,false
PRIX-CMU-DIABETE-036,DIABETE,36,"METFORMIN-DENK 500 MG COMPRIME PELLICULE, BOÎTE DE 100",METFORMIN-DENK,500 MG,comprime_pellicule,BOITE DE 100,100,unite,3374.90,XOF,,,CNAM_CMU,Décision n°0016/AIRP/DG du 29 septembre 2025,2025-09-29,,2026-08-22,source_externe_non_validee,3,false
PRIX-CMU-DIABETE-037,DIABETE,37,"DIAFORMINE 500 MG COMPRIME, BOÎTE DE 30",DIAFORMINE,500 MG,comprime,BOITE DE 30,30,unite,881.60,XOF,,,CNAM_CMU,Décision n°0016/AIRP/DG du 29 septembre 2025,2025-09-29,,2026-08-22,source_externe_non_validee,3,false
PRIX-CMU-DIABETE-038,DIABETE,38,"GLUCOPHAGE 500 MG COMPRIME PELLICULE, BOÎTE DE 30",GLUCOPHAGE,500 MG,comprime_pellicule,BOITE DE 30,30,unite,1212.21,XOF,,,CNAM_CMU,Décision n°0016/AIRP/DG du 29 septembre 2025,2025-09-29,,2026-08-22,source_externe_non_validee,3,false
PRIX-CMU-DIABETE-039,DIABETE,39,"METFORMIN-DENK 500 COMPRIME, BOÎTE DE 30",METFORMIN-DENK 500 COMPRIME,,comprime,BOITE DE 30,30,unite,1239.76,XOF,,,CNAM_CMU,Décision n°0016/AIRP/DG du 29 septembre 2025,2025-09-29,,2026-08-22,source_externe_non_validee,3,false
PRIX-CMU-DIABETE-040,DIABETE,40,"METFORMINE BIOGARAN 500 MG COMPRIME PELLICULE, BOÎTE DE 30",METFORMINE BIOGARAN,500 MG,comprime_pellicule,BOITE DE 30,30,unite,870.58,XOF,,,CNAM_CMU,Décision n°0016/AIRP/DG du 29 septembre 2025,2025-09-29,,2026-08-22,source_externe_non_validee,3,false
PRIX-CMU-DIABETE-041,DIABETE,41,"METFORMIN VIR 850 MG COMPRIME, BOÎTE DE 50",METFORMIN VIR,850 MG,comprime,BOITE DE 50,50,unite,3675.00,XOF,,,CNAM_CMU,Décision n°0016/AIRP/DG du 29 septembre 2025,2025-09-29,,2026-08-22,source_externe_non_validee,3,false
PRIX-CMU-DIABETE-042,DIABETE,42,"METFORMINE BIOGARAN 850 MG COMPRIMÉ PELLICULE, BOÎTE DE 90",METFORMINE BIOGARAN,850 MG,comprime_pellicule,BOITE DE 90,90,unite,4683.53,XOF,,,CNAM_CMU,Décision n°0016/AIRP/DG du 29 septembre 2025,2025-09-29,,2026-08-22,source_externe_non_validee,3,false
PRIX-CMU-DIABETE-043,DIABETE,43,"METFORMINE BIOGARAN 1000 MG COMPRIME, PELLICULES BOÎTE DE 90",METFORMINE BIOGARAN,1000 MG,comprime,BOITE DE 90,90,unite,5372.28,XOF,,,CNAM_CMU,Décision n°0016/AIRP/DG du 29 septembre 2025,2025-09-29,,2026-08-22,source_externe_non_validee,3,false
PRIX-CMU-DIABETE-044,DIABETE,44,"METFORMIN-DENK 850 MG COMPRIME PELLICULE, BOÎTE DE 30",METFORMIN-DENK,850 MG,comprime_pellicule,BOITE DE 30,30,unite,2341.77,XOF,,,CNAM_CMU,Décision n°0016/AIRP/DG du 29 septembre 2025,2025-09-29,,2026-08-22,source_externe_non_validee,3,false
PRIX-CMU-DIABETE-045,DIABETE,45,"METFORMINE BIOGARAN 850 MG COMPRIME PELLICULE, BOÎTE DE 30",METFORMINE BIOGARAN,850 MG,comprime_pellicule,BOITE DE 30,30,unite,1793.53,XOF,,,CNAM_CMU,Décision n°0016/AIRP/DG du 29 septembre 2025,2025-09-29,,2026-08-22,source_externe_non_validee,3,false
PRIX-CMU-DIABETE-046,DIABETE,46,"PMS-ROSUVASTATIN 10 MG COMPRIME PELLICULE, BOÎTE DE 30",PMS-ROSUVASTATIN,10 MG,comprime_pellicule,BOITE DE 30,30,unite,7562.52,XOF,,,CNAM_CMU,Décision n°0016/AIRP/DG du 29 septembre 2025,2025-09-29,,2026-08-22,source_externe_non_validee,3,false
PRIX-CMU-DIABETE-047,DIABETE,47,"ROSUKAA 10 MG COMPRIME PELLICULE, BOÎTE DE 30",ROSUKAA,10 MG,comprime_pellicule,BOITE DE 30,30,unite,7560.00,XOF,,,CNAM_CMU,Décision n°0016/AIRP/DG du 29 septembre 2025,2025-09-29,,2026-08-22,source_externe_non_validee,3,false
PRIX-CMU-DIABETE-048,DIABETE,48,"ROSUVASTATINE BIOGARAN 10 MG COMPRIMÉ PELLICULE, BOÎTE DE 30",ROSUVASTATINE BIOGARAN,10 MG,comprime_pellicule,BOITE DE 30,30,unite,5510.04,XOF,,,CNAM_CMU,Décision n°0016/AIRP/DG du 29 septembre 2025,2025-09-29,,2026-08-22,source_externe_non_validee,3,false
PRIX-CMU-DIABETE-049,DIABETE,49,"ROSUVASTATIN-DENK 10 MG COMPRIME PELLICULE, BOÎTE DE 30",ROSUVASTATIN-DENK,10 MG,comprime_pellicule,BOITE DE 30,30,unite,7548.75,XOF,,,CNAM_CMU,Décision n°0016/AIRP/DG du 29 septembre 2025,2025-09-29,,2026-08-22,source_externe_non_validee,3,false
PRIX-CMU-DIABETE-050,DIABETE,50,"PMS-ROSUVASTATIN 20 MG COMPRIME PELLICULE, BOÎTE DE 30",PMS-ROSUVASTATIN,20 MG,comprime_pellicule,BOITE DE 30,30,unite,9876.74,XOF,,,CNAM_CMU,Décision n°0016/AIRP/DG du 29 septembre 2025,2025-09-29,,2026-08-22,source_externe_non_validee,3,false
PRIX-CMU-DIABETE-051,DIABETE,51,"ROSUKAA 20 MG COMPRIME PELLICULE, BOÎTE DE 30",ROSUKAA,20 MG,comprime_pellicule,BOITE DE 30,30,unite,9637.09,XOF,,,CNAM_CMU,Décision n°0016/AIRP/DG du 29 septembre 2025,2025-09-29,,2026-08-22,source_externe_non_validee,3,false
PRIX-CMU-DIABETE-052,DIABETE,52,"ROSUVASTATIN-DENK 20 MG COMPRIME PELLICULE, BOÎTE DE 30",ROSUVASTATIN-DENK,20 MG,comprime_pellicule,BOITE DE 30,30,unite,9862.97,XOF,,,CNAM_CMU,Décision n°0016/AIRP/DG du 29 septembre 2025,2025-09-29,,2026-08-22,source_externe_non_validee,3,false
PRIX-CMU-DIABETE-053,DIABETE,53,"PMS-ROSUVASTATIN 5 MG COMPRIME PELLICULE, BOÎTE DE 30",PMS-ROSUVASTATIN,5 MG,comprime_pellicule,BOITE DE 30,30,unite,6515.63,XOF,,,CNAM_CMU,Décision n°0016/AIRP/DG du 29 septembre 2025,2025-09-29,,2026-08-22,source_externe_non_validee,3,false
PRIX-CMU-DIABETE-054,DIABETE,54,"ROSUVASTATIN-DENK 5 MG COMPRIME PELLICULE, BOÎTE DE 30",ROSUVASTATIN-DENK,5 MG,comprime_pellicule,BOITE DE 30,30,unite,6088.59,XOF,,,CNAM_CMU,Décision n°0016/AIRP/DG du 29 septembre 2025,2025-09-29,,2026-08-22,source_externe_non_validee,3,false
PRIX-CMU-DIABETE-055,DIABETE,55,"GVIA 100 MG COMPRIME PELLICULE, BOÎTE DE 28",GVIA,100 MG,comprime_pellicule,BOITE DE 28,28,unite,7770.00,XOF,,,CNAM_CMU,Décision n°0016/AIRP/DG du 29 septembre 2025,2025-09-29,,2026-08-22,source_externe_non_validee,3,false
PRIX-CMU-DIABETE-056,DIABETE,56,"GVIA 50 MG COMPRIME PELLICULE, BOÎTE DE 28",GVIA,50 MG,comprime_pellicule,BOITE DE 28,28,unite,4725.00,XOF,,,CNAM_CMU,Décision n°0016/AIRP/DG du 29 septembre 2025,2025-09-29,,2026-08-22,source_externe_non_validee,3,false
PRIX-CMU-DIABETE-057,DIABETE,57,"VILDA-DENK 50 MG COMPRIME, BOÎTE DE 28",VILDA-DENK,50 MG,comprime,BOITE DE 28,28,unite,8265.06,XOF,,,CNAM_CMU,Décision n°0016/AIRP/DG du 29 septembre 2025,2025-09-29,,2026-08-22,source_externe_non_validee,3,false
PRIX-CMU-DIABETE-058,DIABETE,58,"GALVUS 50 MG COMPRIME, BOÎTE DE 28",GALVUS,50 MG,comprime,BOITE DE 28,28,unite,8851.50,XOF,,,CNAM_CMU,Décision n°0016/AIRP/DG du 29 septembre 2025,2025-09-29,,2026-08-22,source_externe_non_validee,3,false
PRIX-CMU-DIABETE-059,DIABETE,59,"GALVUS MET 50 MG/500 MG COMPRIME, BOÎTE DE 30",GALVUS MET,50 MG/500 MG,comprime,BOITE DE 30,30,unite,8946.00,XOF,,,CNAM_CMU,Décision n°0016/AIRP/DG du 29 septembre 2025,2025-09-29,,2026-08-22,source_externe_non_validee,3,false
PRIX-CMU-DIABETE-060,DIABETE,60,"GALVUS MET 50 MG/850 MG COMPRIME, BOÎTE DE 30",GALVUS MET,50 MG/850 MG,comprime,BOITE DE 30,30,unite,8946.00,XOF,,,CNAM_CMU,Décision n°0016/AIRP/DG du 29 septembre 2025,2025-09-29,,2026-08-22,source_externe_non_validee,3,false
